amount,vendor,account,posting_date,user_id,description,label
1015.17,Vendor_2,Sales,2023-03-29,1072,Regular business transaction,0
1149.99,Vendor_19,Marketing,2023-02-28,1094,Regular business transaction,0
1175.92,Vendor_5,IT,2023-02-14,1038,Regular business transaction,0
1086.58,Vendor_11,Finance,2023-01-01,1055,Regular business transaction,0
1365.14,Vendor_7,Sales,2023-07-14,1046,Regular business transaction,0
873.31,Vendor_9,Marketing,2023-11-19,1058,Regular business transaction,0
1127.52,Vendor_11,Legal,2023-06-11,1032,Regular business transaction,0
1099.68,Vendor_14,Finance,2023-01-04,1079,Regular business transaction,0
846.5,Vendor_10,HR,2023-06-26,1076,Regular business transaction,0
1215.3,Vendor_19,Admin,2023-01-23,1067,Regular business transaction,0
806.37,Vendor_19,Admin,2023-08-20,1071,Regular business transaction,0
597.68,Vendor_10,IT,2023-07-01,1085,Regular business transaction,0
945.82,Vendor_12,HR,2023-09-22,1037,Regular business transaction,0
908.6,Vendor_9,HR,2023-09-08,1054,Regular business transaction,0
1368.87,Vendor_9,Marketing,2023-03-20,1009,Regular business transaction,0
923.84,Vendor_5,Admin,2023-04-25,1059,Regular business transaction,0
1272.07,Vendor_7,Sales,2023-09-10,1096,Regular business transaction,0
1319.19,Vendor_4,HR,2023-07-01,1022,Regular business transaction,0
1187.77,Vendor_2,Finance,2023-06-21,1086,Regular business transaction,0
827.18,Vendor_16,Legal,2023-01-01,1010,Regular business transaction,0
957.41,Vendor_8,Admin,2023-03-21,1059,Regular business transaction,0
1143.98,Vendor_1,IT,2023-04-08,1046,Regular business transaction,0
1413.98,Vendor_4,Admin,2023-11-18,1003,Regular business transaction,0
983.63,Vendor_11,Finance,2023-07-28,1007,Regular business transaction,0
670.86,Vendor_16,Marketing,2023-09-17,1074,Regular business transaction,0
841.54,Vendor_3,Admin,2023-01-08,1052,Regular business transaction,0
1261.25,Vendor_6,Sales,2023-10-09,1037,Regular business transaction,0
947.44,Vendor_8,Legal,2023-11-27,1024,Regular business transaction,0
976.0,Vendor_3,HR,2023-07-28,1099,Regular business transaction,0
1502.17,Vendor_13,Sales,2023-06-05,1040,Regular business transaction,0
931.46,Vendor_20,Marketing,2023-03-19,1049,Regular business transaction,0
1008.61,Vendor_5,Sales,2023-09-17,1012,Regular business transaction,0
1479.96,Vendor_15,Admin,2023-05-02,1057,Regular business transaction,0
1176.75,Vendor_4,Marketing,2023-06-28,1015,Regular business transaction,0
974.39,Vendor_13,Finance,2023-04-01,1053,Regular business transaction,0
666.34,Vendor_3,Marketing,2023-10-05,1037,Regular business transaction,0
405.53,Vendor_9,Admin,2023-02-14,1029,Regular business transaction,0
1909.31,Vendor_12,Finance,2023-04-27,1054,Regular business transaction,0
902.44,Vendor_17,Finance,2023-01-20,1040,Regular business transaction,0
1207.62,Vendor_6,Admin,2023-08-23,1077,Regular business transaction,0
795.66,Vendor_5,HR,2023-07-05,1015,Regular business transaction,0
410.2,Vendor_6,Admin,2023-07-02,1054,Regular business transaction,0
1074.6,Vendor_17,Legal,2023-10-13,1002,Regular business transaction,0
1290.74,Vendor_1,Legal,2023-01-06,1071,Regular business transaction,0
1090.87,Vendor_10,Marketing,2023-09-21,1048,Regular business transaction,0
1255.12,Vendor_8,HR,2023-01-18,1067,Regular business transaction,0
903.94,Vendor_6,Admin,2023-11-18,1031,Regular business transaction,0
974.53,Vendor_6,HR,2023-04-02,1089,Regular business transaction,0
1077.29,Vendor_10,Admin,2023-08-04,1086,Regular business transaction,0
994.89,Vendor_18,HR,2023-07-05,1054,Regular business transaction,0
1115.73,Vendor_9,HR,2023-02-11,1046,Regular business transaction,0
976.88,Vendor_18,IT,2023-04-05,1073,Regular business transaction,0
1456.62,Vendor_6,Sales,2023-06-11,1093,Regular business transaction,0
865.67,Vendor_3,HR,2023-09-30,1085,Regular business transaction,0
1197.81,Vendor_1,Marketing,2023-03-11,1021,Regular business transaction,0
1005.02,Vendor_20,Legal,2023-01-11,1031,Regular business transaction,0
1485.17,Vendor_9,Finance,2023-08-30,1041,Regular business transaction,0
1020.39,Vendor_2,Sales,2023-01-28,1048,Regular business transaction,0
1038.15,Vendor_10,Sales,2023-12-28,1042,Regular business transaction,0
705.5,Vendor_2,Legal,2023-07-24,1077,Regular business transaction,0
899.57,Vendor_13,IT,2023-02-13,1022,Regular business transaction,0
858.53,Vendor_12,Sales,2023-07-18,1010,Regular business transaction,0
1302.32,Vendor_9,IT,2023-07-19,1038,Regular business transaction,0
742.77,Vendor_13,IT,2023-07-10,1072,Regular business transaction,0
1174.78,Vendor_17,Finance,2023-08-08,1096,Regular business transaction,0
1660.24,Vendor_8,Marketing,2023-12-18,1016,Regular business transaction,0
768.85,Vendor_17,Sales,2023-04-02,1097,Regular business transaction,0
878.41,Vendor_14,HR,2023-03-29,1088,Regular business transaction,0
1370.34,Vendor_5,Marketing,2023-04-02,1024,Regular business transaction,0
1113.4,Vendor_15,Sales,2023-07-25,1074,Regular business transaction,0
1410.8,Vendor_12,Legal,2023-02-05,1079,Regular business transaction,0
680.56,Vendor_18,IT,2023-11-29,1061,Regular business transaction,0
920.3,Vendor_6,Legal,2023-05-10,1088,Regular business transaction,0
1361.05,Vendor_15,Legal,2023-01-17,1000,Regular business transaction,0
1345.65,Vendor_10,Marketing,2023-05-13,1021,Regular business transaction,0
728.62,Vendor_5,Marketing,2023-06-18,1083,Regular business transaction,0
1253.6,Vendor_17,Finance,2023-10-29,1060,Regular business transaction,0
603.24,Vendor_11,IT,2023-05-23,1064,Regular business transaction,0
983.11,Vendor_7,Legal,2023-08-20,1038,Regular business transaction,0
1001.05,Vendor_10,Legal,2023-06-12,1045,Regular business transaction,0
1017.12,Vendor_5,Legal,2023-10-05,1019,Regular business transaction,0
871.07,Vendor_19,Legal,2023-11-15,1046,Regular business transaction,0
981.27,Vendor_12,Finance,2023-09-10,1077,Regular business transaction,0
980.21,Vendor_1,Legal,2023-10-29,1001,Regular business transaction,0
1317.14,Vendor_19,Legal,2023-02-10,1063,Regular business transaction,0
941.23,Vendor_5,Finance,2023-01-07,1018,Regular business transaction,0
1515.6,Vendor_15,Marketing,2023-04-28,1030,Regular business transaction,0
726.79,Vendor_3,Finance,2023-05-25,1014,Regular business transaction,0
699.89,Vendor_16,Sales,2023-11-13,1087,Regular business transaction,0
755.06,Vendor_13,Admin,2023-10-09,1017,Regular business transaction,0
1006.99,Vendor_4,HR,2023-09-14,1019,Regular business transaction,0
1159.12,Vendor_20,Sales,2023-05-07,1013,Regular business transaction,0
339.38,Vendor_10,Sales,2023-08-29,1087,Regular business transaction,0
1836.04,Vendor_18,HR,2023-01-25,1060,Regular business transaction,0
500.01,Vendor_14,HR,2023-09-19,1039,Regular business transaction,0
1166.28,Vendor_16,Legal,2023-05-15,1074,Regular business transaction,0
1185.32,Vendor_4,Finance,2023-12-19,1046,Regular business transaction,0
1288.35,Vendor_11,IT,2023-06-27,1032,Regular business transaction,0
1122.38,Vendor_4,HR,2023-01-04,1088,Regular business transaction,0
984.94,Vendor_5,IT,2023-10-04,1069,Regular business transaction,0
856.28,Vendor_12,Marketing,2023-12-17,1069,Regular business transaction,0
1168.47,Vendor_11,Finance,2023-09-19,1049,Regular business transaction,0
1188.75,Vendor_8,Legal,2023-11-08,1086,Regular business transaction,0
1226.54,Vendor_14,Marketing,2023-06-16,1042,Regular business transaction,0
685.15,Vendor_11,Marketing,2023-09-25,1003,Regular business transaction,0
979.14,Vendor_8,Admin,2023-09-26,1007,Regular business transaction,0
795.97,Vendor_14,IT,2023-09-06,1084,Regular business transaction,0
783.62,Vendor_13,Sales,2023-12-26,1029,Regular business transaction,0
900.37,Vendor_1,Sales,2023-08-01,1080,Regular business transaction,0
1330.74,Vendor_14,Marketing,2023-10-22,1090,Regular business transaction,0
1167.13,Vendor_4,Legal,2023-02-14,1082,Regular business transaction,0
799.23,Vendor_15,Sales,2023-02-19,1006,Regular business transaction,0
1176.05,Vendor_8,Sales,2023-07-23,1090,Regular business transaction,0
862.8,Vendor_1,Sales,2023-07-07,1032,Regular business transaction,0
930.07,Vendor_16,Sales,2023-05-04,1062,Regular business transaction,0
898.16,Vendor_17,Legal,2023-11-23,1005,Regular business transaction,0
1468.51,Vendor_4,Sales,2023-04-06,1054,Regular business transaction,0
930.58,Vendor_19,Admin,2023-11-08,1057,Regular business transaction,0
502.2,Vendor_10,IT,2023-04-04,1069,Regular business transaction,0
1207.22,Vendor_9,HR,2023-06-17,1022,Regular business transaction,0
987.24,Vendor_6,Marketing,2023-03-13,1035,Regular business transaction,0
1088.89,Vendor_6,Finance,2023-03-25,1039,Regular business transaction,0
1454.34,Vendor_1,Legal,2023-03-27,1010,Regular business transaction,0
567.94,Vendor_14,Marketing,2023-11-24,1053,Regular business transaction,0
1136.3,Vendor_17,Marketing,2023-08-09,1038,Regular business transaction,0
875.66,Vendor_10,Admin,2023-06-23,1090,Regular business transaction,0
1696.31,Vendor_8,Sales,2023-12-31,1009,Regular business transaction,0
778.26,Vendor_17,HR,2023-10-10,1071,Regular business transaction,0
1325.01,Vendor_17,IT,2023-10-27,1037,Regular business transaction,0
1232.2,Vendor_3,Marketing,2023-11-01,1042,Regular business transaction,0
1084.72,Vendor_1,HR,2023-06-23,1014,Regular business transaction,0
1061.28,Vendor_8,Finance,2023-12-12,1021,Regular business transaction,0
795.5,Vendor_18,Marketing,2023-07-14,1052,Regular business transaction,0
1039.69,Vendor_20,IT,2023-07-29,1034,Regular business transaction,0
506.91,Vendor_12,Legal,2023-11-05,1005,Regular business transaction,0
1165.81,Vendor_2,Finance,2023-07-13,1047,Regular business transaction,0
993.1,Vendor_14,Marketing,2023-03-15,1062,Regular business transaction,0
1392.19,Vendor_16,Finance,2023-06-17,1049,Regular business transaction,0
1403.39,Vendor_10,IT,2023-09-20,1007,Regular business transaction,0
1424.13,Vendor_5,Finance,2023-06-18,1010,Regular business transaction,0
1339.4,Vendor_15,HR,2023-12-01,1085,Regular business transaction,0
539.77,Vendor_17,Sales,2023-03-11,1053,Regular business transaction,0
984.81,Vendor_19,IT,2023-12-06,1081,Regular business transaction,0
1111.42,Vendor_11,IT,2023-01-06,1025,Regular business transaction,0
1063.34,Vendor_16,Marketing,2023-11-03,1013,Regular business transaction,0
1207.36,Vendor_7,Finance,2023-08-19,1086,Regular business transaction,0
1194.31,Vendor_20,Marketing,2023-12-30,1077,Regular business transaction,0
1380.33,Vendor_15,Sales,2023-04-01,1061,Regular business transaction,0
426.73,Vendor_11,Legal,2023-02-11,1018,Regular business transaction,0
826.31,Vendor_3,HR,2023-09-29,1049,Regular business transaction,0
1111.76,Vendor_3,HR,2023-11-20,1027,Regular business transaction,0
661.07,Vendor_11,IT,2023-02-12,1099,Regular business transaction,0
1257.62,Vendor_11,Legal,2023-12-27,1039,Regular business transaction,0
666.97,Vendor_4,Sales,2023-06-27,1094,Regular business transaction,0
805.63,Vendor_19,Legal,2023-09-05,1098,Regular business transaction,0
1276.31,Vendor_12,Sales,2023-04-07,1035,Regular business transaction,0
1252.49,Vendor_13,Finance,2023-02-21,1013,Regular business transaction,0
820.9,Vendor_7,Finance,2023-06-07,1087,Regular business transaction,0
1100.74,Vendor_14,IT,2023-05-30,1066,Regular business transaction,0
1528.73,Vendor_19,HR,2023-01-07,1053,Regular business transaction,0
1214.19,Vendor_8,Marketing,2023-08-31,1025,Regular business transaction,0
923.32,Vendor_12,HR,2023-12-14,1054,Regular business transaction,0
928.29,Vendor_20,HR,2023-07-30,1025,Regular business transaction,0
911.65,Vendor_18,Finance,2023-07-03,1095,Regular business transaction,0
1544.76,Vendor_6,Marketing,2023-03-03,1073,Regular business transaction,0
1101.48,Vendor_19,Marketing,2023-01-29,1046,Regular business transaction,0
884.33,Vendor_19,Sales,2023-10-24,1084,Regular business transaction,0
1155.22,Vendor_3,Finance,2023-11-07,1048,Regular business transaction,0
614.41,Vendor_9,IT,2023-11-09,1059,Regular business transaction,0
1054.83,Vendor_12,Sales,2023-10-03,1028,Regular business transaction,0
837.44,Vendor_18,Legal,2023-01-27,1018,Regular business transaction,0
1152.33,Vendor_1,Marketing,2023-10-27,1047,Regular business transaction,0
807.9,Vendor_14,Marketing,2023-07-31,1093,Regular business transaction,0
1162.95,Vendor_18,Sales,2023-07-26,1090,Regular business transaction,0
1610.29,Vendor_6,Admin,2023-01-09,1039,Regular business transaction,0
1220.13,Vendor_7,Legal,2023-01-23,1067,Regular business transaction,0
1488.31,Vendor_12,Legal,2023-05-09,1042,Regular business transaction,0
1156.55,Vendor_5,Admin,2023-11-03,1026,Regular business transaction,0
986.31,Vendor_6,Finance,2023-04-29,1093,Regular business transaction,0
903.49,Vendor_10,Sales,2023-02-12,1046,Regular business transaction,0
694.96,Vendor_16,HR,2023-11-25,1078,Regular business transaction,0
756.05,Vendor_10,Finance,2023-10-06,1049,Regular business transaction,0
524.31,Vendor_2,Legal,2023-10-10,1004,Regular business transaction,0
1269.01,Vendor_2,IT,2023-07-22,1057,Regular business transaction,0
1034.3,Vendor_15,Sales,2023-05-22,1023,Regular business transaction,0
1481.76,Vendor_10,IT,2023-11-15,1048,Regular business transaction,0
1605.42,Vendor_12,IT,2023-11-10,1040,Regular business transaction,0
1680.24,Vendor_18,Legal,2023-10-28,1084,Regular business transaction,0
712.71,Vendor_13,HR,2023-05-09,1003,Regular business transaction,0
760.05,Vendor_5,Marketing,2023-12-17,1049,Regular business transaction,0
898.36,Vendor_17,Marketing,2023-06-04,1063,Regular business transaction,0
1171.07,Vendor_8,Sales,2023-04-11,1040,Regular business transaction,0
1079.94,Vendor_3,Marketing,2023-09-26,1051,Regular business transaction,0
1412.9,Vendor_16,Finance,2023-05-23,1032,Regular business transaction,0
839.25,Vendor_6,HR,2023-05-09,1046,Regular business transaction,0
1461.77,Vendor_3,Marketing,2023-02-23,1045,Regular business transaction,0
733.67,Vendor_20,Marketing,2023-02-24,1064,Regular business transaction,0
1233.52,Vendor_3,Admin,2023-02-20,1088,Regular business transaction,0
837.37,Vendor_16,Finance,2023-05-11,1013,Regular business transaction,0
854.49,Vendor_5,HR,2023-10-10,1023,Regular business transaction,0
965.79,Vendor_5,IT,2023-09-24,1000,Regular business transaction,0
1082.07,Vendor_16,Finance,2023-06-11,1087,Regular business transaction,0
482.67,Vendor_17,Marketing,2023-09-21,1093,Regular business transaction,0
746.16,Vendor_15,Finance,2023-07-16,1023,Regular business transaction,0
1295.02,Vendor_9,Marketing,2023-09-22,1036,Regular business transaction,0
808.64,Vendor_15,IT,2023-08-10,1007,Regular business transaction,0
1198.94,Vendor_9,HR,2023-02-08,1052,Regular business transaction,0
731.92,Vendor_14,IT,2023-08-24,1036,Regular business transaction,0
1235.6,Vendor_8,IT,2023-09-25,1085,Regular business transaction,0
1309.03,Vendor_18,Legal,2023-01-29,1035,Regular business transaction,0
783.58,Vendor_17,IT,2023-01-18,1096,Regular business transaction,0
552.62,Vendor_4,IT,2023-08-27,1009,Regular business transaction,0
748.42,Vendor_17,Legal,2023-01-21,1020,Regular business transaction,0
1153.67,Vendor_16,Marketing,2023-02-06,1015,Regular business transaction,0
158.71,Vendor_14,Finance,2023-04-26,1008,Regular business transaction,0
1266.5,Vendor_14,Marketing,2023-10-18,1030,Regular business transaction,0
1135.58,Vendor_2,IT,2023-10-19,1061,Regular business transaction,0
825.62,Vendor_16,Marketing,2023-06-23,1062,Regular business transaction,0
548.5,Vendor_3,IT,2023-09-15,1031,Regular business transaction,0
970.58,Vendor_13,Marketing,2023-11-29,1066,Regular business transaction,0
763.3,Vendor_11,Sales,2023-01-09,1076,Regular business transaction,0
1063.22,Vendor_15,HR,2023-08-15,1018,Regular business transaction,0
1395.82,Vendor_20,HR,2023-11-18,1006,Regular business transaction,0
1269.76,Vendor_13,Finance,2023-07-28,1018,Regular business transaction,0
1097.88,Vendor_13,IT,2023-11-19,1097,Regular business transaction,0
1145.05,Vendor_14,Sales,2023-12-23,1043,Regular business transaction,0
789.41,Vendor_5,IT,2023-06-23,1059,Regular business transaction,0
1220.7,Vendor_5,Legal,2023-01-13,1082,Regular business transaction,0
1021.22,Vendor_3,IT,2023-01-16,1079,Regular business transaction,0
1431.19,Vendor_6,HR,2023-04-12,1053,Regular business transaction,0
1461.56,Vendor_18,Marketing,2023-08-07,1091,Regular business transaction,0
1233.88,Vendor_15,Admin,2023-09-29,1020,Regular business transaction,0
1549.01,Vendor_3,IT,2023-05-08,1085,Regular business transaction,0
609.06,Vendor_1,Legal,2023-12-08,1047,Regular business transaction,0
1022.15,Vendor_6,Legal,2023-08-01,1098,Regular business transaction,0
634.9,Vendor_3,HR,2023-11-04,1068,Regular business transaction,0
1068.46,Vendor_19,Sales,2023-11-27,1095,Regular business transaction,0
727.06,Vendor_13,Admin,2023-04-27,1078,Regular business transaction,0
553.79,Vendor_9,Marketing,2023-07-29,1006,Regular business transaction,0
1409.49,Vendor_14,IT,2023-02-14,1022,Regular business transaction,0
1485.48,Vendor_8,HR,2023-05-01,1092,Regular business transaction,0
771.27,Vendor_11,Admin,2023-12-08,1069,Regular business transaction,0
636.91,Vendor_14,HR,2023-09-06,1006,Regular business transaction,0
1043.8,Vendor_8,IT,2023-01-16,1088,Regular business transaction,0
1547.34,Vendor_20,IT,2023-07-11,1014,Regular business transaction,0
1120.73,Vendor_19,Marketing,2023-10-13,1093,Regular business transaction,0
594.6,Vendor_12,IT,2023-02-10,1036,Regular business transaction,0
1416.47,Vendor_2,Sales,2023-03-24,1003,Regular business transaction,0
1005.19,Vendor_6,Legal,2023-04-05,1087,Regular business transaction,0
906.76,Vendor_14,IT,2023-09-02,1073,Regular business transaction,0
1141.45,Vendor_7,Finance,2023-01-26,1075,Regular business transaction,0
988.18,Vendor_20,IT,2023-10-28,1010,Regular business transaction,0
716.03,Vendor_2,Admin,2023-09-07,1076,Regular business transaction,0
1083.62,Vendor_3,Sales,2023-10-31,1015,Regular business transaction,0
693.13,Vendor_10,Finance,2023-10-28,1029,Regular business transaction,0
620.28,Vendor_17,Admin,2023-06-17,1017,Regular business transaction,0
1010.45,Vendor_2,Finance,2023-03-25,1020,Regular business transaction,0
875.08,Vendor_2,Legal,2023-11-24,1071,Regular business transaction,0
1108.89,Vendor_7,Legal,2023-05-05,1068,Regular business transaction,0
765.07,Vendor_15,IT,2023-03-02,1015,Regular business transaction,0
887.07,Vendor_11,IT,2023-04-04,1005,Regular business transaction,0
1286.97,Vendor_15,HR,2023-01-11,1078,Regular business transaction,0
1461.4,Vendor_20,Sales,2023-06-16,1068,Regular business transaction,0
1106.09,Vendor_16,Sales,2023-10-10,1076,Regular business transaction,0
1333.75,Vendor_8,Finance,2023-08-07,1013,Regular business transaction,0
1227.91,Vendor_2,Legal,2023-06-21,1087,Regular business transaction,0
502.63,Vendor_16,Admin,2023-05-02,1029,Regular business transaction,0
815.95,Vendor_2,Marketing,2023-12-08,1030,Regular business transaction,0
816.54,Vendor_1,Sales,2023-02-18,1054,Regular business transaction,0
680.56,Vendor_16,HR,2023-12-15,1084,Regular business transaction,0
1194.37,Vendor_11,Legal,2023-04-11,1045,Regular business transaction,0
963.38,Vendor_3,Sales,2023-10-09,1022,Regular business transaction,0
859.39,Vendor_1,Legal,2023-05-14,1096,Regular business transaction,0
332.94,Vendor_6,Admin,2023-02-15,1006,Regular business transaction,0
954.81,Vendor_11,Sales,2023-12-06,1033,Regular business transaction,0
1146.88,Vendor_13,Sales,2023-06-30,1011,Regular business transaction,0
889.23,Vendor_18,Admin,2023-06-06,1073,Regular business transaction,0
1049.89,Vendor_19,IT,2023-02-09,1052,Regular business transaction,0
674.94,Vendor_11,Legal,2023-03-31,1094,Regular business transaction,0
396.42,Vendor_2,Admin,2023-12-28,1019,Regular business transaction,0
962.24,Vendor_19,Finance,2023-11-06,1099,Regular business transaction,0
1224.01,Vendor_13,Finance,2023-11-21,1013,Regular business transaction,0
1258.42,Vendor_17,IT,2023-06-05,1060,Regular business transaction,0
1145.69,Vendor_9,Sales,2023-08-12,1069,Regular business transaction,0
880.23,Vendor_2,IT,2023-02-08,1012,Regular business transaction,0
1230.58,Vendor_1,Admin,2023-08-03,1071,Regular business transaction,0
1581.66,Vendor_18,Sales,2023-05-20,1035,Regular business transaction,0
332.94,Vendor_15,Legal,2023-07-29,1090,Regular business transaction,0
556.05,Vendor_13,Marketing,2023-01-08,1017,Regular business transaction,0
1534.04,Vendor_3,Sales,2023-07-19,1078,Regular business transaction,0
1207.41,Vendor_13,Marketing,2023-07-12,1071,Regular business transaction,0
1164.85,Vendor_5,IT,2023-02-14,1002,Regular business transaction,0
655.9,Vendor_10,HR,2023-02-25,1091,Regular business transaction,0
902.03,Vendor_15,Marketing,2023-02-04,1026,Regular business transaction,0
718.78,Vendor_11,Legal,2023-04-05,1062,Regular business transaction,0
894.99,Vendor_8,Marketing,2023-04-11,1052,Regular business transaction,0
735.07,Vendor_20,Finance,2023-12-02,1064,Regular business transaction,0
621.27,Vendor_1,HR,2023-08-29,1022,Regular business transaction,0
584.7,Vendor_6,Finance,2023-05-20,1058,Regular business transaction,0
1116.86,Vendor_12,HR,2023-06-11,1028,Regular business transaction,0
963.16,Vendor_5,Admin,2023-05-02,1044,Regular business transaction,0
1080.51,Vendor_5,Admin,2023-03-08,1054,Regular business transaction,0
767.83,Vendor_16,Marketing,2023-05-05,1021,Regular business transaction,0
1446.47,Vendor_15,Admin,2023-02-09,1064,Regular business transaction,0
1022.23,Vendor_3,HR,2023-05-14,1096,Regular business transaction,0
849.28,Vendor_17,Finance,2023-02-03,1053,Regular business transaction,0
809.67,Vendor_20,Marketing,2023-04-22,1082,Regular business transaction,0
777.23,Vendor_19,IT,2023-08-15,1099,Regular business transaction,0
1241.05,Vendor_20,HR,2023-02-11,1073,Regular business transaction,0
811.03,Vendor_11,Sales,2023-04-17,1058,Regular business transaction,0
571.16,Vendor_19,IT,2023-06-28,1077,Regular business transaction,0
1328.43,Vendor_12,HR,2023-07-21,1072,Regular business transaction,0
1270.25,Vendor_5,IT,2023-07-10,1086,Regular business transaction,0
1389.99,Vendor_19,IT,2023-07-08,1056,Regular business transaction,0
1683.36,Vendor_4,Admin,2023-04-20,1041,Regular business transaction,0
668.71,Vendor_7,Legal,2023-10-12,1011,Regular business transaction,0
602.93,Vendor_18,Marketing,2023-03-27,1087,Regular business transaction,0
1294.69,Vendor_1,Marketing,2023-12-22,1054,Regular business transaction,0
1257.19,Vendor_6,IT,2023-10-22,1054,Regular business transaction,0
950.67,Vendor_5,Admin,2023-10-11,1030,Regular business transaction,0
843.73,Vendor_18,Marketing,2023-03-17,1065,Regular business transaction,0
987.84,Vendor_14,Finance,2023-02-13,1039,Regular business transaction,0
763.12,Vendor_20,HR,2023-11-18,1048,Regular business transaction,0
349.6,Vendor_17,Finance,2023-09-22,1064,Regular business transaction,0
777.28,Vendor_3,Finance,2023-03-08,1041,Regular business transaction,0
1288.66,Vendor_20,Marketing,2023-03-13,1004,Regular business transaction,0
1546.2,Vendor_6,Finance,2023-09-02,1025,Regular business transaction,0
1362.94,Vendor_1,Marketing,2023-03-11,1038,Regular business transaction,0
990.84,Vendor_7,Admin,2023-09-20,1090,Regular business transaction,0
1139.32,Vendor_6,Legal,2023-01-30,1067,Regular business transaction,0
1430.53,Vendor_5,Admin,2023-10-22,1047,Regular business transaction,0
808.8,Vendor_9,Marketing,2023-08-06,1085,Regular business transaction,0
932.13,Vendor_2,Legal,2023-02-15,1075,Regular business transaction,0
1142.76,Vendor_18,IT,2023-01-26,1080,Regular business transaction,0
1268.93,Vendor_6,Marketing,2023-10-10,1078,Regular business transaction,0
832.95,Vendor_1,Finance,2023-11-22,1063,Regular business transaction,0
712.03,Vendor_4,IT,2023-08-04,1069,Regular business transaction,0
617.45,Vendor_8,Sales,2023-06-08,1080,Regular business transaction,0
752.33,Vendor_6,Sales,2023-07-13,1072,Regular business transaction,0
778.23,Vendor_9,Sales,2023-02-04,1016,Regular business transaction,0
1479.87,Vendor_18,Marketing,2023-08-03,1013,Regular business transaction,0
1265.78,Vendor_2,Admin,2023-01-16,1039,Regular business transaction,0
1266.56,Vendor_16,Marketing,2023-08-16,1045,Regular business transaction,0
489.48,Vendor_1,Legal,2023-01-18,1055,Regular business transaction,0
1231.97,Vendor_13,Marketing,2023-03-06,1062,Regular business transaction,0
1020.34,Vendor_7,Marketing,2023-11-27,1049,Regular business transaction,0
1114.08,Vendor_17,IT,2023-02-09,1095,Regular business transaction,0
318.27,Vendor_2,HR,2023-06-04,1072,Regular business transaction,0
608.06,Vendor_8,Finance,2023-08-07,1057,Regular business transaction,0
1030.47,Vendor_20,IT,2023-04-06,1038,Regular business transaction,0
820.62,Vendor_20,HR,2023-07-31,1098,Regular business transaction,0
658.23,Vendor_19,Finance,2023-01-27,1072,Regular business transaction,0
797.88,Vendor_5,Admin,2023-01-24,1060,Regular business transaction,0
657.67,Vendor_13,Finance,2023-12-11,1054,Regular business transaction,0
1164.38,Vendor_17,Finance,2023-09-18,1065,Regular business transaction,0
1940.21,Vendor_12,IT,2023-08-14,1054,Regular business transaction,0
1176.02,Vendor_5,Legal,2023-10-16,1086,Regular business transaction,0
1952.0,Vendor_3,Finance,2023-08-15,1032,Regular business transaction,0
758.11,Vendor_13,IT,2023-11-16,1042,Regular business transaction,0
1079.93,Vendor_18,Sales,2023-02-14,1011,Regular business transaction,0
1235.57,Vendor_8,HR,2023-07-28,1072,Regular business transaction,0
426.17,Vendor_11,IT,2023-05-06,1074,Regular business transaction,0
1048.04,Vendor_18,Marketing,2023-01-19,1013,Regular business transaction,0
1237.67,Vendor_15,IT,2023-07-23,1064,Regular business transaction,0
500.53,Vendor_15,IT,2023-09-05,1029,Regular business transaction,0
838.81,Vendor_10,HR,2023-12-26,1026,Regular business transaction,0
1012.85,Vendor_4,Marketing,2023-02-21,1056,Regular business transaction,0
1405.12,Vendor_14,Legal,2023-08-23,1078,Regular business transaction,0
935.71,Vendor_6,HR,2023-10-03,1056,Regular business transaction,0
1293.19,Vendor_13,IT,2023-12-02,1097,Regular business transaction,0
1155.18,Vendor_5,Legal,2023-04-19,1040,Regular business transaction,0
1114.45,Vendor_4,Sales,2023-02-08,1086,Regular business transaction,0
1161.62,Vendor_13,IT,2023-04-06,1075,Regular business transaction,0
986.25,Vendor_18,Legal,2023-12-12,1058,Regular business transaction,0
1085.13,Vendor_15,Finance,2023-04-30,1026,Regular business transaction,0
696.22,Vendor_13,Finance,2023-04-01,1002,Regular business transaction,0
1183.87,Vendor_10,IT,2023-03-16,1069,Regular business transaction,0
648.66,Vendor_7,Admin,2023-04-12,1000,Regular business transaction,0
926.55,Vendor_6,Marketing,2023-03-17,1021,Regular business transaction,0
1206.78,Vendor_12,Marketing,2023-11-08,1076,Regular business transaction,0
1188.83,Vendor_14,IT,2023-02-11,1059,Regular business transaction,0
667.47,Vendor_18,HR,2023-01-17,1028,Regular business transaction,0
726.83,Vendor_10,Admin,2023-11-07,1012,Regular business transaction,0
812.6,Vendor_1,Sales,2023-05-21,1076,Regular business transaction,0
940.67,Vendor_19,Finance,2023-04-02,1035,Regular business transaction,0
1052.98,Vendor_18,HR,2023-06-17,1004,Regular business transaction,0
837.57,Vendor_3,Sales,2023-08-04,1058,Regular business transaction,0
1071.96,Vendor_10,Admin,2023-01-28,1001,Regular business transaction,0
644.26,Vendor_17,Legal,2023-11-05,1080,Regular business transaction,0
1094.6,Vendor_18,Marketing,2023-12-27,1030,Regular business transaction,0
1129.64,Vendor_16,IT,2023-09-22,1000,Regular business transaction,0
1691.41,Vendor_20,Admin,2023-02-26,1030,Regular business transaction,0
585.76,Vendor_8,Sales,2023-08-27,1034,Regular business transaction,0
972.13,Vendor_18,Admin,2023-05-13,1057,Regular business transaction,0
920.94,Vendor_15,Admin,2023-10-06,1021,Regular business transaction,0
1342.86,Vendor_12,IT,2023-04-09,1013,Regular business transaction,0
888.0,Vendor_14,Finance,2023-11-21,1089,Regular business transaction,0
217.22,Vendor_17,IT,2023-09-25,1033,Regular business transaction,0
1107.24,Vendor_12,Finance,2023-07-28,1094,Regular business transaction,0
1342.25,Vendor_12,Admin,2023-09-16,1064,Regular business transaction,0
1460.64,Vendor_10,Legal,2023-10-20,1090,Regular business transaction,0
1293.79,Vendor_4,Legal,2023-01-18,1043,Regular business transaction,0
1147.75,Vendor_4,Admin,2023-08-17,1061,Regular business transaction,0
838.22,Vendor_6,Sales,2023-09-30,1048,Regular business transaction,0
1129.1,Vendor_1,Admin,2023-10-21,1052,Regular business transaction,0
1451.46,Vendor_19,IT,2023-05-19,1017,Regular business transaction,0
912.5,Vendor_3,Marketing,2023-04-09,1041,Regular business transaction,0
1259.04,Vendor_14,Marketing,2023-07-27,1091,Regular business transaction,0
819.57,Vendor_14,Finance,2023-03-08,1090,Regular business transaction,0
895.62,Vendor_1,Admin,2023-08-01,1074,Regular business transaction,0
823.37,Vendor_13,Sales,2023-02-27,1047,Regular business transaction,0
980.59,Vendor_2,Marketing,2023-01-21,1092,Regular business transaction,0
990.84,Vendor_1,Legal,2023-11-15,1099,Regular business transaction,0
1180.01,Vendor_3,Finance,2023-04-04,1019,Regular business transaction,0
1271.03,Vendor_16,Finance,2023-06-06,1063,Regular business transaction,0
641.81,Vendor_16,Marketing,2023-06-16,1086,Regular business transaction,0
797.02,Vendor_11,Marketing,2023-05-31,1026,Regular business transaction,0
1008.09,Vendor_14,Marketing,2023-08-21,1021,Regular business transaction,0
1098.57,Vendor_7,Sales,2023-10-12,1027,Regular business transaction,0
1218.52,Vendor_15,Legal,2023-10-10,1024,Regular business transaction,0
607.73,Vendor_7,Legal,2023-04-05,1014,Regular business transaction,0
1153.35,Vendor_1,Admin,2023-02-20,1043,Regular business transaction,0
712.06,Vendor_17,Sales,2023-12-05,1086,Regular business transaction,0
1045.02,Vendor_11,IT,2023-11-29,1011,Regular business transaction,0
434.92,Vendor_14,Sales,2023-01-01,1003,Regular business transaction,0
1010.97,Vendor_9,Sales,2023-09-18,1094,Regular business transaction,0
928.23,Vendor_16,Admin,2023-12-16,1070,Regular business transaction,0
1101.11,Vendor_3,Marketing,2023-12-03,1056,Regular business transaction,0
354.7,Vendor_11,Sales,2023-09-07,1062,Regular business transaction,0
383.8,Vendor_11,Legal,2023-02-10,1057,Regular business transaction,0
794.71,Vendor_14,Legal,2023-10-02,1055,Regular business transaction,0
307.93,Vendor_19,Legal,2023-08-29,1056,Regular business transaction,0
771.68,Vendor_12,Sales,2023-09-17,1073,Regular business transaction,0
863.71,Vendor_17,Marketing,2023-02-12,1050,Regular business transaction,0
918.62,Vendor_9,Sales,2023-05-21,1068,Regular business transaction,0
839.24,Vendor_14,Sales,2023-10-03,1051,Regular business transaction,0
617.59,Vendor_8,Sales,2023-01-14,1008,Regular business transaction,0
1052.08,Vendor_2,IT,2023-10-15,1025,Regular business transaction,0
1035.75,Vendor_12,Admin,2023-01-06,1002,Regular business transaction,0
996.16,Vendor_3,Finance,2023-12-20,1019,Regular business transaction,0
1151.36,Vendor_3,Sales,2023-01-29,1091,Regular business transaction,0
608.46,Vendor_14,Admin,2023-05-10,1097,Regular business transaction,0
1072.08,Vendor_16,IT,2023-02-25,1064,Regular business transaction,0
1380.49,Vendor_17,Marketing,2023-02-27,1083,Regular business transaction,0
1630.44,Vendor_10,Legal,2023-04-08,1011,Regular business transaction,0
994.4,Vendor_5,Marketing,2023-04-25,1079,Regular business transaction,0
1245.63,Vendor_5,IT,2023-05-05,1029,Regular business transaction,0
1013.38,Vendor_20,Marketing,2023-04-19,1074,Regular business transaction,0
1052.74,Vendor_4,Legal,2023-08-28,1087,Regular business transaction,0
808.31,Vendor_4,Admin,2023-06-19,1024,Regular business transaction,0
1058.04,Vendor_8,Finance,2023-12-03,1001,Regular business transaction,0
1179.93,Vendor_5,Marketing,2023-04-30,1047,Regular business transaction,0
812.93,Vendor_11,Finance,2023-10-14,1096,Regular business transaction,0
664.3,Vendor_10,HR,2023-12-14,1088,Regular business transaction,0
1015.35,Vendor_7,IT,2023-06-21,1018,Regular business transaction,0
1123.0,Vendor_10,Admin,2023-05-23,1050,Regular business transaction,0
907.96,Vendor_20,Legal,2023-07-29,1097,Regular business transaction,0
863.39,Vendor_13,Marketing,2023-10-14,1057,Regular business transaction,0
1038.65,Vendor_19,Marketing,2023-02-09,1037,Regular business transaction,0
812.5,Vendor_3,Finance,2023-08-04,1093,Regular business transaction,0
831.15,Vendor_1,HR,2023-11-21,1055,Regular business transaction,0
1218.93,Vendor_8,Sales,2023-07-09,1052,Regular business transaction,0
1302.14,Vendor_9,Sales,2023-08-06,1048,Regular business transaction,0
821.08,Vendor_3,Legal,2023-05-03,1010,Regular business transaction,0
1029.04,Vendor_14,Admin,2023-10-02,1070,Regular business transaction,0
734.51,Vendor_14,Finance,2023-03-31,1022,Regular business transaction,0
808.54,Vendor_13,Legal,2023-04-18,1039,Regular business transaction,0
856.75,Vendor_20,IT,2023-03-21,1067,Regular business transaction,0
838.4,Vendor_20,HR,2023-06-23,1056,Regular business transaction,0
1363.14,Vendor_15,Finance,2023-08-29,1047,Regular business transaction,0
976.56,Vendor_1,Finance,2023-01-04,1083,Regular business transaction,0
1104.75,Vendor_5,Legal,2023-08-07,1042,Regular business transaction,0
806.3,Vendor_17,IT,2023-05-09,1094,Regular business transaction,0
637.24,Vendor_7,Legal,2023-07-02,1053,Regular business transaction,0
806.74,Vendor_11,Finance,2023-08-09,1073,Regular business transaction,0
1430.47,Vendor_8,IT,2023-01-08,1092,Regular business transaction,0
1031.24,Vendor_9,Sales,2023-01-08,1016,Regular business transaction,0
1116.66,Vendor_4,HR,2023-02-02,1093,Regular business transaction,0
723.98,Vendor_8,Admin,2023-03-23,1012,Regular business transaction,0
1207.88,Vendor_10,Finance,2023-08-01,1013,Regular business transaction,0
746.88,Vendor_2,Marketing,2023-11-15,1052,Regular business transaction,0
472.02,Vendor_11,Admin,2023-09-14,1003,Regular business transaction,0
1294.45,Vendor_2,IT,2023-01-26,1033,Regular business transaction,0
1264.82,Vendor_17,Admin,2023-08-15,1073,Regular business transaction,0
658.96,Vendor_6,Finance,2023-09-02,1002,Regular business transaction,0
988.37,Vendor_8,Sales,2023-02-05,1089,Regular business transaction,0
1416.95,Vendor_4,Admin,2023-09-25,1065,Regular business transaction,0
837.16,Vendor_16,HR,2023-01-09,1080,Regular business transaction,0
648.05,Vendor_10,Sales,2023-06-02,1020,Regular business transaction,0
607.57,Vendor_4,Sales,2023-09-02,1013,Regular business transaction,0
604.3,Vendor_12,HR,2023-12-26,1018,Regular business transaction,0
439.3,Vendor_3,Sales,2023-12-29,1005,Regular business transaction,0
1323.93,Vendor_17,Marketing,2023-11-16,1044,Regular business transaction,0
848.34,Vendor_11,Admin,2023-08-09,1094,Regular business transaction,0
853.18,Vendor_17,IT,2023-05-31,1017,Regular business transaction,0
1333.81,Vendor_6,HR,2023-11-26,1041,Regular business transaction,0
1211.56,Vendor_4,IT,2023-08-24,1021,Regular business transaction,0
1029.08,Vendor_7,Legal,2023-12-24,1084,Regular business transaction,0
1131.69,Vendor_4,Admin,2023-10-04,1090,Regular business transaction,0
1414.0,Vendor_1,Marketing,2023-08-03,1023,Regular business transaction,0
1121.22,Vendor_13,Finance,2023-05-03,1061,Regular business transaction,0
1301.62,Vendor_1,Legal,2023-10-31,1017,Regular business transaction,0
1078.09,Vendor_7,Sales,2023-03-11,1055,Regular business transaction,0
1004.96,Vendor_13,IT,2023-05-26,1060,Regular business transaction,0
1169.78,Vendor_17,Legal,2023-03-12,1045,Regular business transaction,0
805.49,Vendor_8,Marketing,2023-04-18,1023,Regular business transaction,0
1136.13,Vendor_10,Finance,2023-07-15,1089,Regular business transaction,0
1269.13,Vendor_16,Sales,2023-02-10,1060,Regular business transaction,0
1074.85,Vendor_18,Legal,2023-01-05,1005,Regular business transaction,0
1112.73,Vendor_17,IT,2023-05-06,1019,Regular business transaction,0
1425.99,Vendor_15,Admin,2023-12-19,1085,Regular business transaction,0
737.37,Vendor_3,IT,2023-03-09,1005,Regular business transaction,0
1060.3,Vendor_6,Legal,2023-10-19,1063,Regular business transaction,0
1057.85,Vendor_8,Marketing,2023-02-21,1065,Regular business transaction,0
1028.54,Vendor_13,Finance,2023-09-27,1098,Regular business transaction,0
1120.23,Vendor_8,HR,2023-09-15,1071,Regular business transaction,0
517.1,Vendor_8,IT,2023-06-08,1047,Regular business transaction,0
1013.71,Vendor_2,Legal,2023-05-12,1077,Regular business transaction,0
904.97,Vendor_12,Marketing,2023-10-15,1053,Regular business transaction,0
878.69,Vendor_4,Legal,2023-10-25,1086,Regular business transaction,0
1567.19,Vendor_4,Marketing,2023-08-03,1042,Regular business transaction,0
1294.15,Vendor_12,Marketing,2023-08-30,1021,Regular business transaction,0
1043.13,Vendor_2,HR,2023-08-24,1099,Regular business transaction,0
779.69,Vendor_3,Admin,2023-06-17,1031,Regular business transaction,0
990.83,Vendor_5,IT,2023-10-13,1083,Regular business transaction,0
775.15,Vendor_14,Sales,2023-08-02,1015,Regular business transaction,0
1657.63,Vendor_20,Admin,2023-10-20,1082,Regular business transaction,0
1122.07,Vendor_2,IT,2023-07-14,1035,Regular business transaction,0
917.59,Vendor_19,Finance,2023-10-07,1095,Regular business transaction,0
1271.69,Vendor_20,Marketing,2023-03-15,1039,Regular business transaction,0
1320.41,Vendor_13,Legal,2023-12-22,1017,Regular business transaction,0
678.43,Vendor_6,Admin,2023-05-27,1047,Regular business transaction,0
1385.47,Vendor_4,Admin,2023-04-04,1015,Regular business transaction,0
1223.04,Vendor_13,IT,2023-11-23,1024,Regular business transaction,0
312.84,Vendor_2,Legal,2023-10-30,1095,Regular business transaction,0
849.63,Vendor_3,Sales,2023-12-30,1037,Regular business transaction,0
1213.28,Vendor_2,Finance,2023-06-16,1094,Regular business transaction,0
460.18,Vendor_2,Finance,2023-05-20,1018,Regular business transaction,0
883.58,Vendor_13,Finance,2023-11-20,1049,Regular business transaction,0
1161.58,Vendor_7,Marketing,2023-02-10,1063,Regular business transaction,0
937.61,Vendor_12,Sales,2023-03-28,1077,Regular business transaction,0
1367.86,Vendor_6,Admin,2023-01-18,1082,Regular business transaction,0
1139.8,Vendor_15,IT,2023-03-09,1061,Regular business transaction,0
1303.45,Vendor_19,Marketing,2023-02-24,1035,Regular business transaction,0
619.28,Vendor_10,Legal,2023-03-25,1009,Regular business transaction,0
700.93,Vendor_13,Marketing,2023-06-07,1056,Regular business transaction,0
357.64,Vendor_1,IT,2023-05-25,1060,Regular business transaction,0
857.68,Vendor_11,IT,2023-05-21,1022,Regular business transaction,0
788.72,Vendor_5,Sales,2023-11-09,1057,Regular business transaction,0
847.83,Vendor_13,Admin,2023-05-04,1073,Regular business transaction,0
1326.49,Vendor_7,Legal,2023-07-07,1091,Regular business transaction,0
1525.77,Vendor_8,Legal,2023-05-11,1048,Regular business transaction,0
943.6,Vendor_2,Admin,2023-06-22,1032,Regular business transaction,0
832.69,Vendor_2,IT,2023-08-10,1019,Regular business transaction,0
863.59,Vendor_4,Admin,2023-08-28,1061,Regular business transaction,0
944.15,Vendor_1,HR,2023-05-23,1049,Regular business transaction,0
699.21,Vendor_1,HR,2023-04-01,1039,Regular business transaction,0
1405.78,Vendor_9,Marketing,2023-01-10,1038,Regular business transaction,0
1027.08,Vendor_3,Legal,2023-04-03,1089,Regular business transaction,0
1003.28,Vendor_1,Admin,2023-12-16,1080,Regular business transaction,0
1173.46,Vendor_8,Admin,2023-01-31,1004,Regular business transaction,0
1594.27,Vendor_8,Sales,2023-01-15,1048,Regular business transaction,0
720.5,Vendor_15,IT,2023-11-24,1066,Regular business transaction,0
858.31,Vendor_20,Admin,2023-05-09,1075,Regular business transaction,0
1595.5,Vendor_10,HR,2023-02-23,1084,Regular business transaction,0
1146.16,Vendor_7,IT,2023-09-18,1061,Regular business transaction,0
1332.67,Vendor_11,Admin,2023-11-25,1055,Regular business transaction,0
1662.42,Vendor_3,IT,2023-03-31,1038,Regular business transaction,0
674.67,Vendor_17,IT,2023-01-28,1008,Regular business transaction,0
826.26,Vendor_17,Sales,2023-12-10,1009,Regular business transaction,0
797.78,Vendor_9,Marketing,2023-04-20,1085,Regular business transaction,0
535.5,Vendor_2,IT,2023-03-21,1013,Regular business transaction,0
1210.17,Vendor_3,Admin,2023-03-24,1082,Regular business transaction,0
871.83,Vendor_1,Admin,2023-08-19,1093,Regular business transaction,0
1450.48,Vendor_1,Finance,2023-12-11,1072,Regular business transaction,0
1289.32,Vendor_14,Marketing,2023-01-07,1093,Regular business transaction,0
1114.28,Vendor_11,HR,2023-05-13,1032,Regular business transaction,0
1096.78,Vendor_14,Finance,2023-06-16,1050,Regular business transaction,0
1075.13,Vendor_7,Finance,2023-03-27,1088,Regular business transaction,0
380.36,Vendor_12,IT,2023-06-24,1068,Regular business transaction,0
919.59,Vendor_2,Admin,2023-05-23,1079,Regular business transaction,0
1101.51,Vendor_13,Marketing,2023-11-19,1059,Regular business transaction,0
878.54,Vendor_1,Marketing,2023-11-03,1014,Regular business transaction,0
799.87,Vendor_19,Legal,2023-06-09,1080,Regular business transaction,0
484.66,Vendor_9,IT,2023-10-15,1027,Regular business transaction,0
1161.06,Vendor_14,Legal,2023-03-04,1065,Regular business transaction,0
952.82,Vendor_11,Finance,2023-06-24,1009,Regular business transaction,0
1115.94,Vendor_6,IT,2023-10-04,1030,Regular business transaction,0
916.55,Vendor_20,HR,2023-08-02,1009,Regular business transaction,0
1013.1,Vendor_16,Marketing,2023-07-12,1094,Regular business transaction,0
895.78,Vendor_17,Admin,2023-10-21,1085,Regular business transaction,0
1061.65,Vendor_8,HR,2023-01-17,1001,Regular business transaction,0
1028.37,Vendor_18,Sales,2023-04-14,1087,Regular business transaction,0
1314.49,Vendor_20,Finance,2023-01-24,1024,Regular business transaction,0
809.59,Vendor_16,IT,2023-04-23,1037,Regular business transaction,0
1140.89,Vendor_14,Sales,2023-11-21,1024,Regular business transaction,0
997.74,Vendor_14,Finance,2023-03-13,1042,Regular business transaction,0
1685.96,Vendor_17,Admin,2023-09-28,1047,Regular business transaction,0
444.97,Vendor_4,Finance,2023-11-12,1076,Regular business transaction,0
794.41,Vendor_16,Sales,2023-08-22,1099,Regular business transaction,0
659.16,Vendor_18,Marketing,2023-01-19,1095,Regular business transaction,0
1032.87,Vendor_13,Marketing,2023-01-26,1038,Regular business transaction,0
604.11,Vendor_7,IT,2023-12-06,1023,Regular business transaction,0
796.45,Vendor_16,Sales,2023-05-24,1017,Regular business transaction,0
927.14,Vendor_17,HR,2023-11-10,1091,Regular business transaction,0
720.57,Vendor_12,Legal,2023-08-15,1082,Regular business transaction,0
979.57,Vendor_20,Sales,2023-06-06,1030,Regular business transaction,0
1400.26,Vendor_4,Legal,2023-07-15,1092,Regular business transaction,0
1133.68,Vendor_8,Legal,2023-07-30,1072,Regular business transaction,0
1129.23,Vendor_14,HR,2023-09-17,1082,Regular business transaction,0
781.13,Vendor_9,HR,2023-07-21,1006,Regular business transaction,0
1343.52,Vendor_20,Sales,2023-12-19,1048,Regular business transaction,0
832.37,Vendor_8,Finance,2023-07-19,1036,Regular business transaction,0
1120.55,Vendor_10,HR,2023-08-26,1038,Regular business transaction,0
1013.01,Vendor_20,Marketing,2023-04-05,1032,Regular business transaction,0
746.81,Vendor_15,Admin,2023-10-31,1018,Regular business transaction,0
1258.93,Vendor_19,Sales,2023-09-07,1031,Regular business transaction,0
1461.42,Vendor_20,HR,2023-07-28,1087,Regular business transaction,0
739.98,Vendor_12,IT,2023-01-25,1086,Regular business transaction,0
700.56,Vendor_5,Sales,2023-09-13,1075,Regular business transaction,0
703.9,Vendor_15,HR,2023-04-06,1090,Regular business transaction,0
1240.61,Vendor_6,Legal,2023-07-19,1050,Regular business transaction,0
757.41,Vendor_12,Sales,2023-11-26,1063,Regular business transaction,0
797.78,Vendor_8,Sales,2023-03-23,1079,Regular business transaction,0
980.48,Vendor_16,Legal,2023-01-06,1059,Regular business transaction,0
922.3,Vendor_9,Finance,2023-10-06,1026,Regular business transaction,0
652.61,Vendor_1,Finance,2023-08-25,1092,Regular business transaction,0
607.76,Vendor_6,Admin,2023-11-12,1041,Regular business transaction,0
855.12,Vendor_18,Marketing,2023-04-16,1085,Regular business transaction,0
1107.48,Vendor_9,Marketing,2023-09-14,1067,Regular business transaction,0
1348.05,Vendor_10,Marketing,2023-11-17,1057,Regular business transaction,0
1022.59,Vendor_13,Admin,2023-01-31,1078,Regular business transaction,0
1545.75,Vendor_7,Sales,2023-09-04,1012,Regular business transaction,0
1101.52,Vendor_1,Marketing,2023-08-25,1047,Regular business transaction,0
1138.6,Vendor_10,Finance,2023-12-13,1032,Regular business transaction,0
602.79,Vendor_20,Legal,2023-07-22,1001,Regular business transaction,0
1213.43,Vendor_7,Marketing,2023-12-11,1078,Regular business transaction,0
543.2,Vendor_7,Finance,2023-07-26,1019,Regular business transaction,0
1047.28,Vendor_19,Legal,2023-09-02,1041,Regular business transaction,0
798.82,Vendor_15,Marketing,2023-08-24,1034,Regular business transaction,0
1238.37,Vendor_14,Admin,2023-05-24,1095,Regular business transaction,0
743.92,Vendor_15,Admin,2023-12-03,1017,Regular business transaction,0
653.37,Vendor_10,Marketing,2023-08-11,1045,Regular business transaction,0
881.26,Vendor_1,Marketing,2023-10-01,1027,Regular business transaction,0
993.97,Vendor_18,Finance,2023-10-13,1014,Regular business transaction,0
1111.44,Vendor_8,Marketing,2023-01-12,1000,Regular business transaction,0
698.68,Vendor_13,Finance,2023-03-10,1098,Regular business transaction,0
1074.13,Vendor_8,HR,2023-03-12,1018,Regular business transaction,0
1479.45,Vendor_8,Marketing,2023-02-22,1093,Regular business transaction,0
1180.01,Vendor_15,Marketing,2023-02-02,1085,Regular business transaction,0
1065.53,Vendor_6,Finance,2023-11-27,1078,Regular business transaction,0
787.73,Vendor_11,Admin,2023-09-17,1043,Regular business transaction,0
1018.78,Vendor_18,Legal,2023-12-06,1085,Regular business transaction,0
809.07,Vendor_13,Legal,2023-02-23,1048,Regular business transaction,0
1184.0,Vendor_4,Admin,2023-05-04,1073,Regular business transaction,0
1109.98,Vendor_13,Sales,2023-08-28,1058,Regular business transaction,0
794.2,Vendor_7,Admin,2023-05-01,1069,Regular business transaction,0
768.91,Vendor_20,Finance,2023-09-10,1015,Regular business transaction,0
1217.99,Vendor_3,Marketing,2023-11-21,1040,Regular business transaction,0
954.47,Vendor_18,Marketing,2023-01-17,1096,Regular business transaction,0
1009.56,Vendor_19,Admin,2023-05-08,1093,Regular business transaction,0
1367.83,Vendor_17,Legal,2023-09-29,1082,Regular business transaction,0
355.94,Vendor_3,Legal,2023-10-16,1051,Regular business transaction,0
1161.25,Vendor_5,Marketing,2023-09-23,1048,Regular business transaction,0
1523.77,Vendor_16,HR,2023-08-13,1074,Regular business transaction,0
1088.54,Vendor_4,Finance,2023-06-16,1028,Regular business transaction,0
892.08,Vendor_16,Admin,2023-08-27,1099,Regular business transaction,0
1134.47,Vendor_9,Finance,2023-08-22,1022,Regular business transaction,0
682.54,Vendor_14,Marketing,2023-09-13,1085,Regular business transaction,0
1101.79,Vendor_3,Legal,2023-10-28,1044,Regular business transaction,0
1255.33,Vendor_2,Admin,2023-03-27,1061,Regular business transaction,0
842.39,Vendor_10,HR,2023-04-26,1038,Regular business transaction,0
1113.51,Vendor_1,Legal,2023-10-29,1031,Regular business transaction,0
1016.3,Vendor_13,Admin,2023-12-14,1064,Regular business transaction,0
793.13,Vendor_14,Admin,2023-08-29,1067,Regular business transaction,0
1148.11,Vendor_12,Finance,2023-11-12,1052,Regular business transaction,0
837.74,Vendor_14,IT,2023-06-15,1078,Regular business transaction,0
817.13,Vendor_9,Legal,2023-01-24,1083,Regular business transaction,0
724.08,Vendor_11,IT,2023-04-13,1067,Regular business transaction,0
1127.58,Vendor_13,Sales,2023-02-20,1075,Regular business transaction,0
1225.04,Vendor_12,Marketing,2023-12-08,1049,Regular business transaction,0
1208.44,Vendor_7,HR,2023-09-02,1062,Regular business transaction,0
1093.83,Vendor_20,Finance,2023-06-11,1076,Regular business transaction,0
1292.79,Vendor_13,Finance,2023-06-12,1096,Regular business transaction,0
750.88,Vendor_9,IT,2023-09-08,1016,Regular business transaction,0
1383.03,Vendor_11,Legal,2023-04-19,1014,Regular business transaction,0
1198.09,Vendor_1,Finance,2023-09-04,1024,Regular business transaction,0
1000.52,Vendor_12,IT,2023-10-09,1076,Regular business transaction,0
694.24,Vendor_14,IT,2023-06-06,1041,Regular business transaction,0
1216.6,Vendor_4,IT,2023-02-10,1070,Regular business transaction,0
889.36,Vendor_9,Sales,2023-01-05,1017,Regular business transaction,0
1094.42,Vendor_17,Sales,2023-01-14,1059,Regular business transaction,0
738.47,Vendor_2,Finance,2023-06-24,1002,Regular business transaction,0
1158.33,Vendor_11,HR,2023-09-10,1003,Regular business transaction,0
834.06,Vendor_2,IT,2023-08-30,1086,Regular business transaction,0
1066.76,Vendor_15,Sales,2023-10-01,1009,Regular business transaction,0
682.25,Vendor_7,Legal,2023-11-16,1028,Regular business transaction,0
1695.7,Vendor_2,HR,2023-06-22,1088,Regular business transaction,0
1170.74,Vendor_1,Marketing,2023-10-20,1099,Regular business transaction,0
1174.27,Vendor_8,IT,2023-10-19,1044,Regular business transaction,0
944.38,Vendor_10,HR,2023-03-29,1096,Regular business transaction,0
684.65,Vendor_14,Finance,2023-11-22,1044,Regular business transaction,0
951.43,Vendor_4,IT,2023-11-24,1000,Regular business transaction,0
1248.86,Vendor_9,Sales,2023-12-19,1063,Regular business transaction,0
780.0,Vendor_18,HR,2023-08-11,1098,Regular business transaction,0
1734.41,Vendor_10,Finance,2023-08-29,1082,Regular business transaction,0
1187.2,Vendor_4,Finance,2023-05-29,1085,Regular business transaction,0
1077.79,Vendor_17,Legal,2023-02-25,1078,Regular business transaction,0
509.58,Vendor_14,Legal,2023-09-23,1064,Regular business transaction,0
1086.46,Vendor_14,Admin,2023-06-23,1015,Regular business transaction,0
1153.19,Vendor_5,Legal,2023-10-10,1074,Regular business transaction,0
602.51,Vendor_1,Sales,2023-08-17,1074,Regular business transaction,0
1127.09,Vendor_6,HR,2023-12-05,1051,Regular business transaction,0
654.52,Vendor_4,Marketing,2023-04-06,1062,Regular business transaction,0
1290.44,Vendor_10,Sales,2023-03-04,1065,Regular business transaction,0
1444.41,Vendor_12,Finance,2023-08-21,1045,Regular business transaction,0
833.3,Vendor_8,Finance,2023-04-08,1037,Regular business transaction,0
1206.13,Vendor_15,Legal,2023-05-31,1023,Regular business transaction,0
849.23,Vendor_18,Admin,2023-09-19,1042,Regular business transaction,0
1376.86,Vendor_4,Marketing,2023-04-09,1089,Regular business transaction,0
1227.96,Vendor_16,Finance,2023-05-17,1069,Regular business transaction,0
676.24,Vendor_6,HR,2023-01-06,1094,Regular business transaction,0
1363.27,Vendor_9,Marketing,2023-03-31,1006,Regular business transaction,0
1192.7,Vendor_16,HR,2023-07-11,1072,Regular business transaction,0
1445.02,Vendor_19,Finance,2023-03-01,1015,Regular business transaction,0
1217.76,Vendor_16,Admin,2023-12-17,1064,Regular business transaction,0
1669.27,Vendor_15,Sales,2023-10-27,1067,Regular business transaction,0
191.13,Vendor_3,Sales,2023-09-23,1075,Regular business transaction,0
687.81,Vendor_14,Finance,2023-01-23,1089,Regular business transaction,0
1034.68,Vendor_13,Sales,2023-04-26,1054,Regular business transaction,0
939.52,Vendor_5,Sales,2023-03-16,1045,Regular business transaction,0
1206.04,Vendor_20,Sales,2023-03-24,1083,Regular business transaction,0
1272.73,Vendor_19,Legal,2023-05-28,1012,Regular business transaction,0
871.74,Vendor_17,HR,2023-02-07,1013,Regular business transaction,0
1093.71,Vendor_9,Finance,2023-01-17,1080,Regular business transaction,0
1217.09,Vendor_11,Marketing,2023-09-15,1055,Regular business transaction,0
1521.15,Vendor_3,Finance,2023-02-15,1004,Regular business transaction,0
949.52,Vendor_19,IT,2023-05-06,1097,Regular business transaction,0
1122.46,Vendor_18,Legal,2023-05-08,1092,Regular business transaction,0
1101.26,Vendor_2,Sales,2023-02-20,1038,Regular business transaction,0
789.18,Vendor_8,HR,2023-04-17,1079,Regular business transaction,0
817.24,Vendor_9,HR,2023-03-23,1083,Regular business transaction,0
580.88,Vendor_5,IT,2023-04-25,1058,Regular business transaction,0
1132.24,Vendor_18,Sales,2023-03-11,1062,Regular business transaction,0
1010.23,Vendor_12,Legal,2023-03-20,1014,Regular business transaction,0
626.32,Vendor_15,Admin,2023-12-15,1023,Regular business transaction,0
1212.45,Vendor_12,Admin,2023-01-08,1008,Regular business transaction,0
1701.36,Vendor_13,Legal,2023-03-12,1037,Regular business transaction,0
1250.43,Vendor_10,IT,2023-09-07,1082,Regular business transaction,0
535.25,Vendor_2,HR,2023-09-23,1074,Regular business transaction,0
1049.29,Vendor_17,Sales,2023-11-17,1071,Regular business transaction,0
694.88,Vendor_19,Admin,2023-10-09,1087,Regular business transaction,0
1217.8,Vendor_8,Legal,2023-06-03,1052,Regular business transaction,0
572.11,Vendor_20,Legal,2023-09-16,1035,Regular business transaction,0
951.8,Vendor_8,IT,2023-10-10,1099,Regular business transaction,0
1595.69,Vendor_5,Finance,2023-06-18,1094,Regular business transaction,0
976.12,Vendor_12,Marketing,2023-09-03,1003,Regular business transaction,0
822.2,Vendor_6,IT,2023-01-06,1096,Regular business transaction,0
1430.42,Vendor_18,Sales,2023-10-18,1047,Regular business transaction,0
599.54,Vendor_1,Finance,2023-12-13,1020,Regular business transaction,0
1081.05,Vendor_10,Legal,2023-09-29,1017,Regular business transaction,0
1537.84,Vendor_4,IT,2023-12-10,1044,Regular business transaction,0
450.92,Vendor_10,Admin,2023-11-06,1054,Regular business transaction,0
816.46,Vendor_20,Legal,2023-04-10,1027,Regular business transaction,0
1229.52,Vendor_4,IT,2023-11-14,1033,Regular business transaction,0
1309.33,Vendor_15,Sales,2023-12-18,1034,Regular business transaction,0
1072.45,Vendor_16,Legal,2023-12-12,1022,Regular business transaction,0
888.89,Vendor_10,Legal,2023-07-20,1065,Regular business transaction,0
1281.25,Vendor_8,Sales,2023-02-16,1014,Regular business transaction,0
1459.71,Vendor_8,Marketing,2023-01-22,1002,Regular business transaction,0
954.18,Vendor_9,Sales,2023-05-01,1090,Regular business transaction,0
1238.75,Vendor_15,Finance,2023-05-02,1063,Regular business transaction,0
1095.24,Vendor_12,Marketing,2023-07-08,1097,Regular business transaction,0
1036.23,Vendor_17,Finance,2023-07-18,1005,Regular business transaction,0
670.6,Vendor_8,IT,2023-12-27,1025,Regular business transaction,0
1149.45,Vendor_12,Marketing,2023-04-24,1051,Regular business transaction,0
969.9,Vendor_17,HR,2023-09-23,1053,Regular business transaction,0
1438.31,Vendor_17,IT,2023-09-20,1051,Regular business transaction,0
413.82,Vendor_9,Finance,2023-07-13,1099,Regular business transaction,0
679.61,Vendor_19,Marketing,2023-06-10,1022,Regular business transaction,0
1015.21,Vendor_4,Finance,2023-12-18,1012,Regular business transaction,0
874.18,Vendor_11,Legal,2023-11-10,1029,Regular business transaction,0
795.72,Vendor_3,HR,2023-04-16,1010,Regular business transaction,0
1575.46,Vendor_19,Marketing,2023-10-09,1097,Regular business transaction,0
780.95,Vendor_1,Marketing,2023-04-10,1033,Regular business transaction,0
1265.02,Vendor_9,Finance,2023-04-10,1018,Regular business transaction,0
1180.06,Vendor_18,Legal,2023-04-15,1099,Regular business transaction,0
1076.57,Vendor_7,Finance,2023-08-14,1059,Regular business transaction,0
262.2,Vendor_6,Admin,2023-02-20,1089,Regular business transaction,0
703.98,Vendor_2,HR,2023-10-04,1055,Regular business transaction,0
355.43,Vendor_12,Admin,2023-11-01,1099,Regular business transaction,0
884.92,Vendor_14,Finance,2023-06-06,1000,Regular business transaction,0
1119.77,Vendor_15,Marketing,2023-08-18,1093,Regular business transaction,0
885.09,Vendor_7,Admin,2023-03-12,1066,Regular business transaction,0
901.66,Vendor_5,Sales,2023-03-25,1028,Regular business transaction,0
1325.21,Vendor_16,IT,2023-04-14,1053,Regular business transaction,0
622.13,Vendor_10,HR,2023-12-23,1049,Regular business transaction,0
889.82,Vendor_2,Admin,2023-08-15,1071,Regular business transaction,0
1470.21,Vendor_6,HR,2023-05-31,1069,Regular business transaction,0
740.69,Vendor_17,IT,2023-09-04,1051,Regular business transaction,0
821.74,Vendor_2,Finance,2023-10-31,1091,Regular business transaction,0
638.99,Vendor_7,Finance,2023-03-20,1062,Regular business transaction,0
401.7,Vendor_12,HR,2023-04-14,1003,Regular business transaction,0
502.34,Vendor_2,HR,2023-06-14,1023,Regular business transaction,0
746.39,Vendor_17,HR,2023-09-13,1086,Regular business transaction,0
755.83,Vendor_7,Legal,2023-01-16,1000,Regular business transaction,0
1151.47,Vendor_6,HR,2023-10-16,1060,Regular business transaction,0
843.21,Vendor_13,Admin,2023-10-06,1067,Regular business transaction,0
655.45,Vendor_14,Legal,2023-06-21,1067,Regular business transaction,0
1422.2,Vendor_6,Admin,2023-07-29,1032,Regular business transaction,0
973.83,Vendor_5,Legal,2023-01-29,1097,Regular business transaction,0
1060.64,Vendor_14,Sales,2023-11-18,1060,Regular business transaction,0
1449.39,Vendor_8,HR,2023-06-02,1019,Regular business transaction,0
1175.94,Vendor_20,IT,2023-08-26,1085,Regular business transaction,0
1404.12,Vendor_15,IT,2023-04-11,1005,Regular business transaction,0
676.62,Vendor_10,IT,2023-06-03,1092,Regular business transaction,0
853.35,Vendor_3,IT,2023-06-05,1099,Regular business transaction,0
1582.25,Vendor_11,Legal,2023-10-23,1087,Regular business transaction,0
1169.01,Vendor_5,Legal,2023-12-24,1091,Regular business transaction,0
683.04,Vendor_18,Admin,2023-04-13,1097,Regular business transaction,0
1258.75,Vendor_17,HR,2023-06-01,1094,Regular business transaction,0
1004.65,Vendor_3,Admin,2023-07-16,1023,Regular business transaction,0
942.66,Vendor_5,Admin,2023-12-12,1036,Regular business transaction,0
1190.28,Vendor_11,Sales,2023-08-06,1045,Regular business transaction,0
42.51,Vendor_18,Finance,2023-08-08,1028,Regular business transaction,0
927.29,Vendor_2,Finance,2023-12-18,1062,Regular business transaction,0
666.65,Vendor_7,Marketing,2023-08-12,1072,Regular business transaction,0
1638.77,Vendor_14,Sales,2023-05-14,1089,Regular business transaction,0
988.6,Vendor_6,Admin,2023-07-30,1086,Regular business transaction,0
1155.77,Vendor_16,Sales,2023-02-22,1086,Regular business transaction,0
648.86,Vendor_17,Finance,2023-09-09,1045,Regular business transaction,0
939.93,Vendor_4,Admin,2023-09-19,1078,Regular business transaction,0
760.5,Vendor_15,HR,2023-07-03,1084,Regular business transaction,0
570.48,Vendor_13,Sales,2023-10-18,1025,Regular business transaction,0
1262.48,Vendor_14,Sales,2023-12-09,1023,Regular business transaction,0
1263.11,Vendor_1,Admin,2023-01-07,1079,Regular business transaction,0
869.77,Vendor_8,Marketing,2023-08-08,1080,Regular business transaction,0
862.31,Vendor_3,Legal,2023-11-07,1052,Regular business transaction,0
1367.81,Vendor_20,Finance,2023-12-06,1021,Regular business transaction,0
973.12,Vendor_19,Admin,2023-07-11,1088,Regular business transaction,0
1230.2,Vendor_16,Legal,2023-11-16,1025,Regular business transaction,0
1262.57,Vendor_20,HR,2023-08-11,1016,Regular business transaction,0
1646.62,Vendor_19,Legal,2023-01-24,1021,Regular business transaction,0
1078.15,Vendor_5,Legal,2023-12-09,1065,Regular business transaction,0
507.46,Vendor_4,Marketing,2023-01-23,1088,Regular business transaction,0
425.7,Vendor_20,Admin,2023-12-23,1036,Regular business transaction,0
714.2,Vendor_20,HR,2023-10-15,1066,Regular business transaction,0
1535.69,Vendor_12,Sales,2023-05-26,1060,Regular business transaction,0
1120.79,Vendor_2,Finance,2023-01-03,1038,Regular business transaction,0
876.56,Vendor_17,Legal,2023-07-13,1098,Regular business transaction,0
1141.23,Vendor_10,Admin,2023-04-17,1093,Regular business transaction,0
791.76,Vendor_9,Marketing,2023-09-02,1036,Regular business transaction,0
1296.27,Vendor_12,Finance,2023-08-14,1009,Regular business transaction,0
1266.95,Vendor_12,IT,2023-06-06,1099,Regular business transaction,0
918.61,Vendor_16,Marketing,2023-04-25,1077,Regular business transaction,0
968.6,Vendor_1,Admin,2023-05-12,1040,Regular business transaction,0
829.52,Vendor_3,Admin,2023-09-01,1083,Regular business transaction,0
840.86,Vendor_18,Marketing,2023-09-12,1075,Regular business transaction,0
1331.65,Vendor_16,Admin,2023-03-18,1078,Regular business transaction,0
853.91,Vendor_13,Legal,2023-12-02,1037,Regular business transaction,0
119.97,Vendor_6,Sales,2023-07-23,1015,Regular business transaction,0
805.55,Vendor_16,HR,2023-02-13,1063,Regular business transaction,0
1262.87,Vendor_9,Sales,2023-01-09,1068,Regular business transaction,0
713.38,Vendor_9,IT,2023-03-26,1031,Regular business transaction,0
1094.36,Vendor_14,Sales,2023-07-26,1090,Regular business transaction,0
482.32,Vendor_10,Marketing,2023-05-14,1061,Regular business transaction,0
1662.42,Vendor_16,Legal,2023-02-06,1026,Regular business transaction,0
1464.64,Vendor_11,Sales,2023-05-20,1092,Regular business transaction,0
817.19,Vendor_4,Marketing,2023-07-29,1045,Regular business transaction,0
1192.47,Vendor_7,Admin,2023-09-04,1079,Regular business transaction,0
895.88,Vendor_6,Legal,2023-03-05,1020,Regular business transaction,0
1194.53,Vendor_20,Legal,2023-05-31,1009,Regular business transaction,0
954.72,Vendor_16,IT,2023-05-06,1027,Regular business transaction,0
1048.81,Vendor_5,Legal,2023-12-12,1061,Regular business transaction,0
900.91,Vendor_19,Marketing,2023-12-08,1051,Regular business transaction,0
965.44,Vendor_15,Sales,2023-07-17,1049,Regular business transaction,0
780.15,Vendor_20,Marketing,2023-07-02,1009,Regular business transaction,0
1325.28,Vendor_5,Marketing,2023-09-22,1050,Regular business transaction,0
1175.59,Vendor_17,HR,2023-07-17,1010,Regular business transaction,0
1606.26,Vendor_16,Legal,2023-06-25,1056,Regular business transaction,0
1444.84,Vendor_2,Legal,2023-07-28,1088,Regular business transaction,0
1545.48,Vendor_15,IT,2023-01-27,1001,Regular business transaction,0
795.0,Vendor_15,HR,2023-06-03,1057,Regular business transaction,0
546.2,Vendor_14,Finance,2023-08-02,1043,Regular business transaction,0
859.04,Vendor_3,IT,2023-01-06,1017,Regular business transaction,0
821.26,Vendor_11,Admin,2023-04-13,1073,Regular business transaction,0
1220.72,Vendor_20,Legal,2023-10-06,1041,Regular business transaction,0
1016.07,Vendor_15,IT,2023-08-22,1053,Regular business transaction,0
1033.64,Vendor_16,IT,2023-07-28,1034,Regular business transaction,0
1338.38,Vendor_13,Finance,2023-12-11,1089,Regular business transaction,0
1595.05,Vendor_7,Legal,2023-11-16,1075,Regular business transaction,0
1107.31,Vendor_9,Finance,2023-02-20,1096,Regular business transaction,0
620.62,Vendor_20,Marketing,2023-04-14,1023,Regular business transaction,0
1125.32,Vendor_4,Finance,2023-06-07,1058,Regular business transaction,0
1471.95,Vendor_18,Legal,2023-09-10,1098,Regular business transaction,0
857.24,Vendor_15,HR,2023-12-01,1006,Regular business transaction,0
808.94,Vendor_5,HR,2023-02-12,1011,Regular business transaction,0
949.84,Vendor_10,HR,2023-08-20,1052,Regular business transaction,0
469.6,Vendor_11,Finance,2023-05-23,1089,Regular business transaction,0
964.23,Vendor_6,HR,2023-01-03,1067,Regular business transaction,0
974.3,Vendor_15,Admin,2023-11-15,1087,Regular business transaction,0
1028.12,Vendor_17,Admin,2023-10-23,1037,Regular business transaction,0
954.6,Vendor_2,Marketing,2023-02-04,1055,Regular business transaction,0
694.31,Vendor_14,IT,2023-10-15,1011,Regular business transaction,0
811.94,Vendor_7,IT,2023-06-02,1084,Regular business transaction,0
1346.05,Vendor_9,HR,2023-01-16,1073,Regular business transaction,0
1162.94,Vendor_2,Marketing,2023-01-18,1095,Regular business transaction,0
1491.5,Vendor_19,Finance,2023-12-20,1033,Regular business transaction,0
1379.46,Vendor_11,Marketing,2023-03-11,1002,Regular business transaction,0
1115.23,Vendor_10,Admin,2023-03-14,1022,Regular business transaction,0
604.99,Vendor_14,Finance,2023-07-01,1022,Regular business transaction,0
1266.5,Vendor_8,Admin,2023-05-17,1015,Regular business transaction,0
1101.36,Vendor_12,Finance,2023-11-05,1043,Regular business transaction,0
1304.26,Vendor_9,Finance,2023-02-27,1033,Regular business transaction,0
842.5,Vendor_19,Marketing,2023-03-01,1065,Regular business transaction,0
875.21,Vendor_6,Admin,2023-09-12,1048,Regular business transaction,0
1434.68,Vendor_11,HR,2023-10-07,1051,Regular business transaction,0
998.93,Vendor_19,HR,2023-10-08,1057,Regular business transaction,0
1006.29,Vendor_14,HR,2023-08-13,1071,Regular business transaction,0
1187.05,Vendor_3,Finance,2023-11-11,1069,Regular business transaction,0
1486.69,Vendor_10,Finance,2023-12-09,1092,Regular business transaction,0
595.05,Vendor_4,HR,2023-09-08,1027,Regular business transaction,0
509.38,Vendor_5,Sales,2023-05-15,1074,Regular business transaction,0
547.67,Vendor_5,HR,2023-09-09,1038,Regular business transaction,0
601.92,Vendor_12,IT,2023-01-04,1046,Regular business transaction,0
829.74,Vendor_15,Sales,2023-10-19,1084,Regular business transaction,0
1348.27,Vendor_17,Admin,2023-08-09,1011,Regular business transaction,0
1429.59,Vendor_7,Legal,2023-12-06,1032,Regular business transaction,0
850.89,Vendor_6,Finance,2023-04-18,1040,Regular business transaction,0
622.85,Vendor_5,Admin,2023-09-15,1082,Regular business transaction,0
1127.39,Vendor_20,Sales,2023-02-01,1054,Regular business transaction,0
1567.14,Vendor_11,Admin,2023-08-21,1097,Regular business transaction,0
1105.75,Vendor_18,Admin,2023-07-30,1029,Regular business transaction,0
299.36,Vendor_9,HR,2023-05-14,1021,Regular business transaction,0
770.04,Vendor_14,Admin,2023-11-19,1033,Regular business transaction,0
991.09,Vendor_15,Finance,2023-07-15,1064,Regular business transaction,0
1211.37,Vendor_5,Marketing,2023-10-03,1005,Regular business transaction,0
1101.72,Vendor_6,HR,2023-03-28,1047,Regular business transaction,0
1211.12,Vendor_5,Sales,2023-08-09,1032,Regular business transaction,0
1547.08,Vendor_6,Sales,2023-05-07,1002,Regular business transaction,0
880.91,Vendor_11,Finance,2023-09-27,1097,Regular business transaction,0
732.95,Vendor_14,Legal,2023-06-14,1087,Regular business transaction,0
946.04,Vendor_17,HR,2023-03-17,1076,Regular business transaction,0
1185.54,Vendor_7,IT,2023-03-13,1018,Regular business transaction,0
1259.57,Vendor_5,Finance,2023-11-17,1068,Regular business transaction,0
1178.55,Vendor_18,IT,2023-02-18,1035,Regular business transaction,0
1416.64,Vendor_14,Finance,2023-09-08,1002,Regular business transaction,0
1094.75,Vendor_11,Finance,2023-10-24,1072,Regular business transaction,0
1442.03,Vendor_5,Sales,2023-03-24,1028,Regular business transaction,0
756.96,Vendor_14,IT,2023-08-28,1039,Regular business transaction,0
10000.0,Vendor_15,IT,2023-12-18,1053,Suspicious transaction,1
20000.0,Vendor_7,Sales,2023-02-24,1001,Suspicious transaction,1
10000.0,Vendor_12,HR,2023-03-01,1062,Suspicious transaction,1
20000.0,Vendor_19,HR,2023-10-14,1027,Suspicious transaction,1
5000.0,Vendor_20,Sales,2023-12-24,1095,Suspicious transaction,1
20000.0,Vendor_20,Admin,2023-01-09,1071,Suspicious transaction,1
10000.0,Vendor_9,Marketing,2023-01-12,1069,Suspicious transaction,1
10000.0,Vendor_17,Marketing,2023-11-20,1005,Suspicious transaction,1
5000.0,Vendor_19,HR,2023-06-26,1012,Suspicious transaction,1
10000.0,Vendor_13,Marketing,2023-07-15,1098,Suspicious transaction,1
10000.0,Vendor_10,Marketing,2023-08-19,1070,Suspicious transaction,1
5000.0,Vendor_17,Legal,2023-04-23,1096,Suspicious transaction,1
10000.0,Vendor_2,Finance,2023-03-08,1028,Suspicious transaction,1
20000.0,Vendor_11,Finance,2023-02-28,1004,Suspicious transaction,1
10000.0,Vendor_16,HR,2023-03-29,1068,Suspicious transaction,1
5000.0,Vendor_15,Legal,2023-01-11,1026,Suspicious transaction,1
10000.0,Vendor_8,Legal,2023-11-08,1023,Suspicious transaction,1
20000.0,Vendor_14,IT,2023-08-06,1095,Suspicious transaction,1
5000.0,Vendor_6,Finance,2023-05-15,1083,Suspicious transaction,1
10000.0,Vendor_6,Legal,2023-06-02,1045,Suspicious transaction,1
5000.0,Vendor_9,Finance,2023-11-19,1094,Suspicious transaction,1
20000.0,Vendor_19,Finance,2023-08-14,1077,Suspicious transaction,1
10000.0,Vendor_20,IT,2023-07-30,1022,Suspicious transaction,1
20000.0,Vendor_2,HR,2023-05-26,1065,Suspicious transaction,1
20000.0,Vendor_5,Finance,2023-04-24,1082,Suspicious transaction,1
10000.0,Vendor_9,Sales,2023-09-13,1054,Suspicious transaction,1
5000.0,Vendor_19,HR,2023-05-15,1025,Suspicious transaction,1
5000.0,Vendor_20,IT,2023-01-30,1012,Suspicious transaction,1
20000.0,Vendor_15,IT,2023-07-24,1053,Suspicious transaction,1
10000.0,Vendor_17,HR,2023-05-09,1017,Suspicious transaction,1
5000.0,Vendor_13,HR,2023-09-13,1005,Suspicious transaction,1
5000.0,Vendor_13,Finance,2023-01-23,1090,Suspicious transaction,1
20000.0,Vendor_8,Marketing,2023-01-05,1061,Suspicious transaction,1
5000.0,Vendor_16,Sales,2023-04-19,1047,Suspicious transaction,1
5000.0,Vendor_18,Sales,2023-11-21,1016,Suspicious transaction,1
5000.0,Vendor_13,Finance,2023-12-10,1077,Suspicious transaction,1
5000.0,Vendor_11,Sales,2023-10-11,1036,Suspicious transaction,1
5000.0,Vendor_10,Legal,2023-03-25,1005,Suspicious transaction,1
10000.0,Vendor_6,Admin,2023-11-28,1088,Suspicious transaction,1
5000.0,Vendor_5,Sales,2023-02-05,1050,Suspicious transaction,1
5000.0,Vendor_1,Marketing,2023-05-13,1071,Suspicious transaction,1
10000.0,Vendor_6,Sales,2023-12-04,1040,Suspicious transaction,1
5000.0,Vendor_17,HR,2023-09-16,1065,Suspicious transaction,1
5000.0,Vendor_5,IT,2023-03-30,1007,Suspicious transaction,1
20000.0,Vendor_16,Marketing,2023-10-19,1019,Suspicious transaction,1
10000.0,Vendor_19,Marketing,2023-07-18,1096,Suspicious transaction,1
20000.0,Vendor_1,HR,2023-08-16,1067,Suspicious transaction,1
5000.0,Vendor_18,Legal,2023-07-04,1069,Suspicious transaction,1
20000.0,Vendor_3,Finance,2023-04-23,1070,Suspicious transaction,1
5000.0,Vendor_8,Finance,2023-08-22,1014,Suspicious transaction,1
